-- MySQL dump 10.13  Distrib 8.0.38, for Linux (x86_64)
--
-- Host: localhost    Database: cars
-- ------------------------------------------------------
-- Server version	8.0.38

/*!40101 SET @OLD_CHARACTER_SET_CLIENT=@@CHARACTER_SET_CLIENT */;
/*!40101 SET @OLD_CHARACTER_SET_RESULTS=@@CHARACTER_SET_RESULTS */;
/*!40101 SET @OLD_COLLATION_CONNECTION=@@COLLATION_CONNECTION */;
/*!50503 SET NAMES utf8mb4 */;
/*!40103 SET @OLD_TIME_ZONE=@@TIME_ZONE */;
/*!40103 SET TIME_ZONE='+00:00' */;
/*!40014 SET @OLD_UNIQUE_CHECKS=@@UNIQUE_CHECKS, UNIQUE_CHECKS=0 */;
/*!40014 SET @OLD_FOREIGN_KEY_CHECKS=@@FOREIGN_KEY_CHECKS, FOREIGN_KEY_CHECKS=0 */;
/*!40101 SET @OLD_SQL_MODE=@@SQL_MODE, SQL_MODE='NO_AUTO_VALUE_ON_ZERO' */;
/*!40111 SET @OLD_SQL_NOTES=@@SQL_NOTES, SQL_NOTES=0 */;

--
-- Table structure for table `car_click_log`
--

DROP TABLE IF EXISTS `car_click_log`;
/*!40101 SET @saved_cs_client     = @@character_set_client */;
/*!50503 SET character_set_client = utf8mb4 */;
CREATE TABLE `car_click_log` (
  `id` int NOT NULL AUTO_INCREMENT,
  `car_id` varchar(255) DEFAULT NULL,
  `click_timestamp` datetime DEFAULT CURRENT_TIMESTAMP,
  PRIMARY KEY (`id`),
  KEY `car_id` (`car_id`),
  CONSTRAINT `car_click_log_ibfk_1` FOREIGN KEY (`car_id`) REFERENCES `car_schema` (`id`)
) ENGINE=InnoDB AUTO_INCREMENT=86 DEFAULT CHARSET=utf8mb4 COLLATE=utf8mb4_general_ci;
/*!40101 SET character_set_client = @saved_cs_client */;

--
-- Dumping data for table `car_click_log`
--

LOCK TABLES `car_click_log` WRITE;
/*!40000 ALTER TABLE `car_click_log` DISABLE KEYS */;
INSERT INTO `car_click_log` VALUES (32,'0e956727-8575-4c3f-ab53-bc606c206f8a','2024-07-17 23:04:06'),(33,'140701aa-4bb5-41f6-98cf-c31585f8ceb6','2024-07-17 23:08:30'),(34,'0e956727-8575-4c3f-ab53-bc606c206f8a','2024-07-17 23:08:47'),(35,'971a520f-e592-4291-aee1-0e2510b332bf','2024-07-17 23:09:13'),(36,'628ebb86-9c59-4c8f-b6bc-7fe42832a39e','2024-07-17 23:50:23'),(37,'0841f119-ab23-48df-a4d5-7bfcb8aa4a85','2024-07-18 18:49:25'),(38,'0841f119-ab23-48df-a4d5-7bfcb8aa4a85','2024-07-18 21:34:41'),(39,'1caf000e-9437-4d21-953b-ca7f51ea0f30','2024-07-18 21:35:20'),(40,'628ebb86-9c59-4c8f-b6bc-7fe42832a39e','2024-07-18 21:37:13'),(41,'628ebb86-9c59-4c8f-b6bc-7fe42832a39e','2024-07-18 21:37:50'),(42,'9896b86c-96e5-4518-8646-9777eae07c95','2024-07-18 21:38:00'),(43,'b4e6522b-3f62-4060-9e54-9cad7f2ae0a7','2024-07-18 23:08:48'),(44,'a234e826-999f-4073-801d-ac763b595ce8','2024-07-19 00:27:03'),(45,'b4e6522b-3f62-4060-9e54-9cad7f2ae0a7','2024-07-19 00:29:03'),(46,'628ebb86-9c59-4c8f-b6bc-7fe42832a39e','2024-07-19 00:53:36'),(47,'628ebb86-9c59-4c8f-b6bc-7fe42832a39e','2024-07-19 08:39:33'),(48,'1ccb750e-0c3c-4bba-ab36-56d17a0ff0f3','2024-07-19 08:42:35'),(49,'642d6919-4b95-4c91-898f-a630edccb872','2024-07-19 08:43:39'),(50,'628ebb86-9c59-4c8f-b6bc-7fe42832a39e','2024-07-21 00:22:00'),(51,'628ebb86-9c59-4c8f-b6bc-7fe42832a39e','2024-07-21 14:26:18'),(52,'642d6919-4b95-4c91-898f-a630edccb872','2024-07-21 14:26:51'),(53,'e4747da9-661f-4a21-8824-18a0406ebe5e','2024-07-21 15:16:16'),(54,'533609c0-46c7-4026-9a34-e751516889f4','2024-07-21 15:17:32'),(55,'9e87e9a6-9378-49ac-9f33-f3fa649fbb2f','2024-07-21 16:03:58'),(56,'9896b86c-96e5-4518-8646-9777eae07c95','2024-07-21 19:29:26'),(57,'59dcec92-8005-4e69-974b-21c3eba2e4b0','2024-07-21 19:35:11'),(58,'e8fdd60d-dc85-4e6f-94fb-808c2c76aef1','2024-07-21 19:37:38'),(59,'0d136ab1-c357-4f94-a94b-8a1e120ba563','2024-07-21 19:38:57'),(60,'d1b96a4b-a043-4105-bcb4-568cbb7fffa0','2024-07-21 21:54:30'),(61,'9e7a8d11-d5f9-4b4a-828e-47a0bf854d7e','2024-07-22 20:12:57'),(62,'0d136ab1-c357-4f94-a94b-8a1e120ba563','2024-07-22 21:28:55'),(63,'1ccb750e-0c3c-4bba-ab36-56d17a0ff0f3','2024-07-22 21:29:54'),(64,'39acd015-dcf6-415d-943a-1cce07ce6e17','2024-07-22 22:29:46'),(65,'628ebb86-9c59-4c8f-b6bc-7fe42832a39e','2024-07-22 23:50:57'),(66,'a8a96358-239f-46b3-a0e2-5e6ce5fe6338','2024-07-22 23:53:23'),(67,'533609c0-46c7-4026-9a34-e751516889f4','2024-07-22 23:53:45'),(68,'29da4d0c-5c96-4b4b-ab4d-899f0943c8c8','2024-07-22 23:54:09'),(69,'971a520f-e592-4291-aee1-0e2510b332bf','2024-07-23 00:03:31'),(70,'e8fdd60d-dc85-4e6f-94fb-808c2c76aef1','2024-07-24 00:18:26'),(71,'e8fdd60d-dc85-4e6f-94fb-808c2c76aef1','2024-07-24 00:18:31'),(72,'e8fdd60d-dc85-4e6f-94fb-808c2c76aef1','2024-07-24 00:18:39'),(73,'0c0ffecc-7815-4a6f-b3ad-883e318d93be','2024-07-24 00:24:09'),(74,'0e956727-8575-4c3f-ab53-bc606c206f8a','2024-07-24 00:36:40'),(75,'4bcd8d44-9727-4fee-9c20-a0a9851c06b9','2024-07-24 00:39:57'),(76,'140701aa-4bb5-41f6-98cf-c31585f8ceb6','2024-07-24 00:42:18'),(77,'9896b86c-96e5-4518-8646-9777eae07c95','2024-07-24 22:46:55'),(78,'29da4d0c-5c96-4b4b-ab4d-899f0943c8c8','2024-07-24 22:48:12'),(79,'628ebb86-9c59-4c8f-b6bc-7fe42832a39e','2024-07-24 22:49:06'),(80,'98e10502-af98-4795-a73a-1ffc3c7ce475','2024-07-25 00:45:58'),(81,'9e87e9a6-9378-49ac-9f33-f3fa649fbb2f','2024-07-25 08:49:16'),(82,'971a520f-e592-4291-aee1-0e2510b332bf','2024-07-26 01:00:23'),(83,'7ab3e36b-9538-4ed9-8a9f-ad6a32d36cbc','2024-07-26 01:01:48'),(84,'4fd80bdf-b81e-4c04-8a06-fd17db6306dd','2024-07-26 11:10:31'),(85,'e8fdd60d-dc85-4e6f-94fb-808c2c76aef1','2024-07-26 13:03:55');
/*!40000 ALTER TABLE `car_click_log` ENABLE KEYS */;
UNLOCK TABLES;

--
-- Table structure for table `car_clicks`
--

DROP TABLE IF EXISTS `car_clicks`;
/*!40101 SET @saved_cs_client     = @@character_set_client */;
/*!50503 SET character_set_client = utf8mb4 */;
CREATE TABLE `car_clicks` (
  `car_id` varchar(255) NOT NULL,
  `clicks` varchar(255) DEFAULT '0',
  PRIMARY KEY (`car_id`),
  CONSTRAINT `car_clicks_ibfk_1` FOREIGN KEY (`car_id`) REFERENCES `car_schema` (`id`)
) ENGINE=InnoDB DEFAULT CHARSET=utf8mb4 COLLATE=utf8mb4_general_ci;
/*!40101 SET character_set_client = @saved_cs_client */;

--
-- Dumping data for table `car_clicks`
--

LOCK TABLES `car_clicks` WRITE;
/*!40000 ALTER TABLE `car_clicks` DISABLE KEYS */;
INSERT INTO `car_clicks` VALUES ('0841f119-ab23-48df-a4d5-7bfcb8aa4a85','7'),('0c0ffecc-7815-4a6f-b3ad-883e318d93be','8'),('0d136ab1-c357-4f94-a94b-8a1e120ba563','4'),('0e956727-8575-4c3f-ab53-bc606c206f8a','6'),('140701aa-4bb5-41f6-98cf-c31585f8ceb6','4'),('1caf000e-9437-4d21-953b-ca7f51ea0f30','7'),('1ccb750e-0c3c-4bba-ab36-56d17a0ff0f3','4'),('29da4d0c-5c96-4b4b-ab4d-899f0943c8c8','12'),('344b92bd-66e1-4c4a-8d18-bd987c9684fd','0'),('39acd015-dcf6-415d-943a-1cce07ce6e17','4'),('3f263253-f61c-4876-94bd-94c5d6da0759','1'),('4bcd8d44-9727-4fee-9c20-a0a9851c06b9','7'),('4df06bfa-70c0-4f6e-b27f-b4c57224039d','0'),('4fd80bdf-b81e-4c04-8a06-fd17db6306dd','10'),('5196aa2e-9c09-429d-bdf5-829f091c89ac','5'),('533609c0-46c7-4026-9a34-e751516889f4','8'),('59dcec92-8005-4e69-974b-21c3eba2e4b0','5'),('628ebb86-9c59-4c8f-b6bc-7fe42832a39e','12'),('642d6919-4b95-4c91-898f-a630edccb872','6'),('6edb8317-cd56-44e2-96cf-b64d9da063b7','5'),('75157036-2f6d-4866-bf01-68d0c9f6ec71','2'),('7ab3e36b-9538-4ed9-8a9f-ad6a32d36cbc','6'),('87019c6d-f285-4f3a-9a03-b588cc756a21','2'),('971a520f-e592-4291-aee1-0e2510b332bf','9'),('9896b86c-96e5-4518-8646-9777eae07c95','10'),('98e10502-af98-4795-a73a-1ffc3c7ce475','4'),('999396ec-a391-4111-8c9d-e5c58299cd91','4'),('9e7a8d11-d5f9-4b4a-828e-47a0bf854d7e','6'),('9e87e9a6-9378-49ac-9f33-f3fa649fbb2f','8'),('a234e826-999f-4073-801d-ac763b595ce8','10'),('a8a96358-239f-46b3-a0e2-5e6ce5fe6338','5'),('a9cda7e2-5425-48b5-ae3d-99835f80ab45','2'),('aa2f3f94-adc2-43be-92ec-1937ebbe486e','2'),('aee9069c-7bd7-45f9-bd30-f7c224dea054','2'),('b356169f-204d-46c0-ab49-dcafafedb8c3','9'),('b4e6522b-3f62-4060-9e54-9cad7f2ae0a7','5'),('b501351a-4665-4ce4-b1e4-954433eb8143','9'),('d1b96a4b-a043-4105-bcb4-568cbb7fffa0','6'),('dab68aee-1246-4cac-8074-007cca69ccac','6'),('e4747da9-661f-4a21-8824-18a0406ebe5e','9'),('e8fdd60d-dc85-4e6f-94fb-808c2c76aef1','8');
/*!40000 ALTER TABLE `car_clicks` ENABLE KEYS */;
UNLOCK TABLES;

--
-- Table structure for table `car_images`
--

DROP TABLE IF EXISTS `car_images`;
/*!40101 SET @saved_cs_client     = @@character_set_client */;
/*!50503 SET character_set_client = utf8mb4 */;
CREATE TABLE `car_images` (
  `id` int NOT NULL AUTO_INCREMENT,
  `car_id` varchar(255) DEFAULT NULL,
  `URL` varchar(255) DEFAULT NULL,
  PRIMARY KEY (`id`),
  KEY `car_id` (`car_id`)
) ENGINE=InnoDB AUTO_INCREMENT=14639 DEFAULT CHARSET=utf8mb4 COLLATE=utf8mb4_general_ci;
/*!40101 SET character_set_client = @saved_cs_client */;

--
-- Dumping data for table `car_images`
--

LOCK TABLES `car_images` WRITE;
/*!40000 ALTER TABLE `car_images` DISABLE KEYS */;
INSERT INTO `car_images` VALUES (14251,'999396ec-a391-4111-8c9d-e5c58299cd91','1720023415966-evoque3.jpg'),(14252,'999396ec-a391-4111-8c9d-e5c58299cd91','1720023415969-evoque4.jpg'),(14253,'999396ec-a391-4111-8c9d-e5c58299cd91','1720023415971-evoque5.jpg'),(14254,'999396ec-a391-4111-8c9d-e5c58299cd91','1720023415972-evoque6.jpg'),(14255,'999396ec-a391-4111-8c9d-e5c58299cd91','1720023415973-evoque7.jpg'),(14256,'999396ec-a391-4111-8c9d-e5c58299cd91','1720023415974-evoque9.jpg'),(14257,'999396ec-a391-4111-8c9d-e5c58299cd91','1720023415978-evoque10.jpg'),(14258,'5196aa2e-9c09-429d-bdf5-829f091c89ac','1720023784467-RX2.jpeg'),(14259,'5196aa2e-9c09-429d-bdf5-829f091c89ac','1720023784472-RX3.jpeg'),(14260,'5196aa2e-9c09-429d-bdf5-829f091c89ac','1720023784475-RX4.jpeg'),(14261,'5196aa2e-9c09-429d-bdf5-829f091c89ac','1720023784477-RX5.jpeg'),(14262,'5196aa2e-9c09-429d-bdf5-829f091c89ac','1720023784479-RX6.jpeg'),(14263,'5196aa2e-9c09-429d-bdf5-829f091c89ac','1720023784482-RX7.jpeg'),(14264,'5196aa2e-9c09-429d-bdf5-829f091c89ac','1720023784484-RX8.jpeg'),(14265,'5196aa2e-9c09-429d-bdf5-829f091c89ac','1720023784486-RX9.jpeg'),(14266,'5196aa2e-9c09-429d-bdf5-829f091c89ac','1720023784491-RX10.jpeg'),(14267,'0e956727-8575-4c3f-ab53-bc606c206f8a','1720023878277-impreza1.jpg'),(14268,'0e956727-8575-4c3f-ab53-bc606c206f8a','1720023878283-impreza3.jpg'),(14269,'0e956727-8575-4c3f-ab53-bc606c206f8a','1720023878289-impreza4.jpg'),(14270,'0e956727-8575-4c3f-ab53-bc606c206f8a','1720023878293-impreza5.jpg'),(14271,'0e956727-8575-4c3f-ab53-bc606c206f8a','1720023878297-impreza9.jpg'),(14272,'39acd015-dcf6-415d-943a-1cce07ce6e17','1720023957509-cayenne1.jpg'),(14273,'39acd015-dcf6-415d-943a-1cce07ce6e17','1720023957517-cayenne2.jpg'),(14274,'39acd015-dcf6-415d-943a-1cce07ce6e17','1720023957522-cayenne4.jpg'),(14275,'39acd015-dcf6-415d-943a-1cce07ce6e17','1720023957525-cayenne-6.jpg'),(14276,'39acd015-dcf6-415d-943a-1cce07ce6e17','1720023957527-cayenne7.jpg'),(14277,'39acd015-dcf6-415d-943a-1cce07ce6e17','1720023957531-cayenne8.jpg'),(14278,'75157036-2f6d-4866-bf01-68d0c9f6ec71','1720024066885-IMG-20230922-WA0120.jpg'),(14279,'75157036-2f6d-4866-bf01-68d0c9f6ec71','1720024066890-IMG-20230922-WA0125.jpg'),(14280,'75157036-2f6d-4866-bf01-68d0c9f6ec71','1720024066891-IMG-20230922-WA0118.jpg'),(14281,'75157036-2f6d-4866-bf01-68d0c9f6ec71','1720024066893-IMG-20230922-WA0130.jpg'),(14282,'75157036-2f6d-4866-bf01-68d0c9f6ec71','1720024066895-IMG-20230922-WA0129.jpg'),(14283,'75157036-2f6d-4866-bf01-68d0c9f6ec71','1720024066899-IMG-20230922-WA0126.jpg'),(14284,'75157036-2f6d-4866-bf01-68d0c9f6ec71','1720024066901-IMG-20230922-WA0125.jpg'),(14285,'75157036-2f6d-4866-bf01-68d0c9f6ec71','1720024066902-IMG-20230922-WA0124.jpg'),(14286,'98e10502-af98-4795-a73a-1ffc3c7ce475','1720024192183-forester.jpg'),(14287,'98e10502-af98-4795-a73a-1ffc3c7ce475','1720024192186-forester2.jpg'),(14288,'98e10502-af98-4795-a73a-1ffc3c7ce475','1720024192188-forester3.jpg'),(14289,'98e10502-af98-4795-a73a-1ffc3c7ce475','1720024192192-forester4.jpg'),(14290,'98e10502-af98-4795-a73a-1ffc3c7ce475','1720024192198-forester5.jpg'),(14291,'98e10502-af98-4795-a73a-1ffc3c7ce475','1720024192200-forester6.jpg'),(14292,'98e10502-af98-4795-a73a-1ffc3c7ce475','1720024192202-forester7.jpg'),(14293,'98e10502-af98-4795-a73a-1ffc3c7ce475','1720024192204-forester8.jpg'),(14294,'98e10502-af98-4795-a73a-1ffc3c7ce475','1720024192205-forester9.jpg'),(14295,'98e10502-af98-4795-a73a-1ffc3c7ce475','1720024192207-forester10.jpg'),(14296,'628ebb86-9c59-4c8f-b6bc-7fe42832a39e','1720024572112-axela2.jpg'),(14297,'628ebb86-9c59-4c8f-b6bc-7fe42832a39e','1720024572118-axela3.jpg'),(14298,'628ebb86-9c59-4c8f-b6bc-7fe42832a39e','1720024572123-axela4.jpg'),(14299,'628ebb86-9c59-4c8f-b6bc-7fe42832a39e','1720024572125-axela5.jpg'),(14300,'628ebb86-9c59-4c8f-b6bc-7fe42832a39e','1720024572129-axela6.jpg'),(14301,'628ebb86-9c59-4c8f-b6bc-7fe42832a39e','1720024572133-axela7.jpg'),(14302,'628ebb86-9c59-4c8f-b6bc-7fe42832a39e','1720024572135-axela8.jpg'),(14303,'628ebb86-9c59-4c8f-b6bc-7fe42832a39e','1720024572137-axela9.jpg'),(14304,'628ebb86-9c59-4c8f-b6bc-7fe42832a39e','1720024572138-axela10.jpg'),(14305,'7ab3e36b-9538-4ed9-8a9f-ad6a32d36cbc','1720024789139-old-impreza-front.jpg'),(14306,'7ab3e36b-9538-4ed9-8a9f-ad6a32d36cbc','1720024789145-old-impreza-11.jpg'),(14307,'7ab3e36b-9538-4ed9-8a9f-ad6a32d36cbc','1720024789151-old-impreza-14.jpg'),(14308,'7ab3e36b-9538-4ed9-8a9f-ad6a32d36cbc','1720024789191-old-impreza-15.jpg'),(14309,'7ab3e36b-9538-4ed9-8a9f-ad6a32d36cbc','1720024789224-oldimpreza18.jpg'),(14310,'344b92bd-66e1-4c4a-8d18-bd987c9684fd','1720025000716-prado-image.jpg'),(14311,'344b92bd-66e1-4c4a-8d18-bd987c9684fd','1720025000719-prado10.jpg'),(14312,'344b92bd-66e1-4c4a-8d18-bd987c9684fd','1720025000721-prado9.jpg'),(14313,'344b92bd-66e1-4c4a-8d18-bd987c9684fd','1720025000723-prado8.jpg'),(14314,'344b92bd-66e1-4c4a-8d18-bd987c9684fd','1720025000725-prado7.jpg'),(14315,'344b92bd-66e1-4c4a-8d18-bd987c9684fd','1720025000726-prado6.jpg'),(14316,'344b92bd-66e1-4c4a-8d18-bd987c9684fd','1720025000727-prado5.jpg'),(14317,'344b92bd-66e1-4c4a-8d18-bd987c9684fd','1720025000728-prado4.jpg'),(14318,'344b92bd-66e1-4c4a-8d18-bd987c9684fd','1720025000729-prado3.jpg'),(14319,'344b92bd-66e1-4c4a-8d18-bd987c9684fd','1720025000730-prado2.jpg'),(14320,'d1b96a4b-a043-4105-bcb4-568cbb7fffa0','1720025183793-e350-image.jpg'),(14321,'d1b96a4b-a043-4105-bcb4-568cbb7fffa0','1720025183795-e3502.jpg'),(14322,'d1b96a4b-a043-4105-bcb4-568cbb7fffa0','1720025183803-e3503.jpg'),(14323,'d1b96a4b-a043-4105-bcb4-568cbb7fffa0','1720025183806-e3504.jpg'),(14324,'d1b96a4b-a043-4105-bcb4-568cbb7fffa0','1720025183808-e3505.jpg'),(14325,'d1b96a4b-a043-4105-bcb4-568cbb7fffa0','1720025183809-e3506.jpg'),(14326,'d1b96a4b-a043-4105-bcb4-568cbb7fffa0','1720025183812-e3507.jpg'),(14327,'d1b96a4b-a043-4105-bcb4-568cbb7fffa0','1720025183813-e3509.jpg'),(14328,'d1b96a4b-a043-4105-bcb4-568cbb7fffa0','1720025183813-e35010.jpg'),(14329,'3f263253-f61c-4876-94bd-94c5d6da0759','1720025347037-discovery3.jpg'),(14330,'3f263253-f61c-4876-94bd-94c5d6da0759','1720025347047-discovery-fronty.jpg'),(14331,'3f263253-f61c-4876-94bd-94c5d6da0759','1720025347048-discovery-front.jpg'),(14332,'3f263253-f61c-4876-94bd-94c5d6da0759','1720025347050-discovery7.jpg'),(14333,'3f263253-f61c-4876-94bd-94c5d6da0759','1720025347052-discovery8.jpg'),(14334,'3f263253-f61c-4876-94bd-94c5d6da0759','1720025347054-discovery9.jpg'),(14335,'3f263253-f61c-4876-94bd-94c5d6da0759','1720025347058-discovery5.jpg'),(14336,'3f263253-f61c-4876-94bd-94c5d6da0759','1720025347061-discovery4.jpg'),(14337,'0c0ffecc-7815-4a6f-b3ad-883e318d93be','1720025753907-crown2.jpg'),(14338,'0c0ffecc-7815-4a6f-b3ad-883e318d93be','1720025753914-crown3.jpg'),(14339,'0c0ffecc-7815-4a6f-b3ad-883e318d93be','1720025753919-crown5.jpg'),(14340,'0c0ffecc-7815-4a6f-b3ad-883e318d93be','1720025753923-crown6.jpg'),(14341,'0c0ffecc-7815-4a6f-b3ad-883e318d93be','1720025753926-crown7.jpg'),(14342,'0c0ffecc-7815-4a6f-b3ad-883e318d93be','1720025753928-crown8.jpg'),(14343,'0c0ffecc-7815-4a6f-b3ad-883e318d93be','1720025753931-crown9.jpg'),(14344,'0c0ffecc-7815-4a6f-b3ad-883e318d93be','1720025753932-crown10.jpg'),(14345,'0c0ffecc-7815-4a6f-b3ad-883e318d93be','1720025753934-crown2.jpg'),(14346,'0c0ffecc-7815-4a6f-b3ad-883e318d93be','1720025753936-crown3.jpg'),(14347,'0c0ffecc-7815-4a6f-b3ad-883e318d93be','1720025753939-crown4.jpg'),(14348,'0c0ffecc-7815-4a6f-b3ad-883e318d93be','1720025753942-crown5.jpg'),(14349,'0c0ffecc-7815-4a6f-b3ad-883e318d93be','1720025753944-crown6.jpg'),(14350,'0c0ffecc-7815-4a6f-b3ad-883e318d93be','1720025753946-crown7.jpg'),(14351,'0c0ffecc-7815-4a6f-b3ad-883e318d93be','1720025753947-crown8.jpg'),(14352,'0c0ffecc-7815-4a6f-b3ad-883e318d93be','1720025753948-crown9.jpg'),(14353,'0c0ffecc-7815-4a6f-b3ad-883e318d93be','1720025753950-crown10.jpg'),(14354,'aa2f3f94-adc2-43be-92ec-1937ebbe486e','1720025893642-test-skyline1.jpg'),(14355,'aa2f3f94-adc2-43be-92ec-1937ebbe486e','1720025893648-test-skyline2.jpg'),(14356,'aa2f3f94-adc2-43be-92ec-1937ebbe486e','1720025893654-test-skyline3.jpg'),(14357,'aa2f3f94-adc2-43be-92ec-1937ebbe486e','1720025893659-test-skyline4.jpg'),(14358,'aa2f3f94-adc2-43be-92ec-1937ebbe486e','1720025893664-test-skyline5.jpg'),(14359,'aa2f3f94-adc2-43be-92ec-1937ebbe486e','1720025893667-test-skyline6.jpg'),(14360,'aa2f3f94-adc2-43be-92ec-1937ebbe486e','1720025893668-test-skyline7.jpg'),(14361,'aa2f3f94-adc2-43be-92ec-1937ebbe486e','1720025893669-test-skyline8.jpg'),(14362,'aa2f3f94-adc2-43be-92ec-1937ebbe486e','1720025893671-test-skyline9.jpg'),(14363,'aa2f3f94-adc2-43be-92ec-1937ebbe486e','1720025893672-test-skyline10.jpg'),(14364,'aa2f3f94-adc2-43be-92ec-1937ebbe486e','1720025893672-test-skyline11.jpg'),(14365,'a8a96358-239f-46b3-a0e2-5e6ce5fe6338','1720026464106-audiq52.jpg'),(14366,'a8a96358-239f-46b3-a0e2-5e6ce5fe6338','1720026464112-audiq53.jpg'),(14367,'a8a96358-239f-46b3-a0e2-5e6ce5fe6338','1720026464113-audiq5_4.jpg'),(14368,'a8a96358-239f-46b3-a0e2-5e6ce5fe6338','1720026464116-audiq5_5.jpg'),(14369,'a8a96358-239f-46b3-a0e2-5e6ce5fe6338','1720026464119-audiq5_6.jpg'),(14370,'a8a96358-239f-46b3-a0e2-5e6ce5fe6338','1720026464121-audiq5_7.jpg'),(14371,'a8a96358-239f-46b3-a0e2-5e6ce5fe6338','1720026464123-audiq5_8.jpg'),(14372,'a8a96358-239f-46b3-a0e2-5e6ce5fe6338','1720026464125-audiq5_9.jpg'),(14373,'a8a96358-239f-46b3-a0e2-5e6ce5fe6338','1720026464129-audiq5_10.jpg'),(14374,'9896b86c-96e5-4518-8646-9777eae07c95','1720027384998-mazdacx5_1.jpg'),(14375,'9896b86c-96e5-4518-8646-9777eae07c95','1720027385003-mazdacx5_2.jpg'),(14376,'9896b86c-96e5-4518-8646-9777eae07c95','1720027385007-mazdacx5_3.jpg'),(14377,'9896b86c-96e5-4518-8646-9777eae07c95','1720027385010-mazdacx5_4.jpg'),(14378,'9896b86c-96e5-4518-8646-9777eae07c95','1720027385014-mazdacx5_5.jpg'),(14379,'9896b86c-96e5-4518-8646-9777eae07c95','1720027385015-mazdacx5_6.jpg'),(14380,'9896b86c-96e5-4518-8646-9777eae07c95','1720027385017-mazdacx5_7.jpg'),(14381,'9896b86c-96e5-4518-8646-9777eae07c95','1720027385019-mazdacx5_8.jpg'),(14382,'9896b86c-96e5-4518-8646-9777eae07c95','1720027385021-mazdacx5_9.jpg'),(14383,'0d136ab1-c357-4f94-a94b-8a1e120ba563','1720037842025-range1.jpeg'),(14384,'0d136ab1-c357-4f94-a94b-8a1e120ba563','1720037842032-range2.jpeg'),(14385,'0d136ab1-c357-4f94-a94b-8a1e120ba563','1720037842040-range3.jpeg'),(14386,'0d136ab1-c357-4f94-a94b-8a1e120ba563','1720037842042-range4.jpeg'),(14387,'0d136ab1-c357-4f94-a94b-8a1e120ba563','1720037842052-range5.jpeg'),(14388,'0d136ab1-c357-4f94-a94b-8a1e120ba563','1720037842053-range6.jpeg'),(14389,'6edb8317-cd56-44e2-96cf-b64d9da063b7','1720038174476-volvo1.jpg'),(14390,'6edb8317-cd56-44e2-96cf-b64d9da063b7','1720038174481-volvo2.jpg'),(14391,'6edb8317-cd56-44e2-96cf-b64d9da063b7','1720038174488-volvo3.jpg'),(14392,'6edb8317-cd56-44e2-96cf-b64d9da063b7','1720038174491-volvo4.jpg'),(14393,'6edb8317-cd56-44e2-96cf-b64d9da063b7','1720038174496-volvo5.jpg'),(14394,'6edb8317-cd56-44e2-96cf-b64d9da063b7','1720038174498-volvo6.jpg'),(14395,'6edb8317-cd56-44e2-96cf-b64d9da063b7','1720038174501-volvo7.jpg'),(14396,'6edb8317-cd56-44e2-96cf-b64d9da063b7','1720038174503-volvo8.jpg'),(14397,'a9cda7e2-5425-48b5-ae3d-99835f80ab45','1720038862598-rx1.jpg'),(14398,'a9cda7e2-5425-48b5-ae3d-99835f80ab45','1720038862602-rx2.jpg'),(14399,'a9cda7e2-5425-48b5-ae3d-99835f80ab45','1720038862613-rx3.jpg'),(14400,'a9cda7e2-5425-48b5-ae3d-99835f80ab45','1720038862625-rx4.jpg'),(14401,'a9cda7e2-5425-48b5-ae3d-99835f80ab45','1720038862627-rx5.jpg'),(14402,'a9cda7e2-5425-48b5-ae3d-99835f80ab45','1720038862628-rx6.jpg'),(14403,'a9cda7e2-5425-48b5-ae3d-99835f80ab45','1720038862629-rx7.jpg'),(14404,'a9cda7e2-5425-48b5-ae3d-99835f80ab45','1720038862630-rx8.jpg'),(14405,'a9cda7e2-5425-48b5-ae3d-99835f80ab45','1720038862634-rx9.jpg'),(14406,'a9cda7e2-5425-48b5-ae3d-99835f80ab45','1720038862636-rx10.jpg'),(14407,'a9cda7e2-5425-48b5-ae3d-99835f80ab45','1720038862647-rx11.jpg'),(14408,'a9cda7e2-5425-48b5-ae3d-99835f80ab45','1720038862651-rx12.jpg'),(14409,'140701aa-4bb5-41f6-98cf-c31585f8ceb6','1720039344386-tiguan_1.jpg'),(14410,'140701aa-4bb5-41f6-98cf-c31585f8ceb6','1720039344406-tiguan_2.jpg'),(14411,'140701aa-4bb5-41f6-98cf-c31585f8ceb6','1720039344436-tiguan_3.jpg'),(14412,'140701aa-4bb5-41f6-98cf-c31585f8ceb6','1720039344451-tiguan_4.jpg'),(14413,'140701aa-4bb5-41f6-98cf-c31585f8ceb6','1720039344458-tiguan_5.jpg'),(14414,'140701aa-4bb5-41f6-98cf-c31585f8ceb6','1720039344461-tiguan_6.jpg'),(14415,'140701aa-4bb5-41f6-98cf-c31585f8ceb6','1720039344465-tiguan_7.jpg'),(14416,'140701aa-4bb5-41f6-98cf-c31585f8ceb6','1720039344470-tiguan_8.jpg'),(14417,'140701aa-4bb5-41f6-98cf-c31585f8ceb6','1720039344471-tiguan_9.jpg'),(14418,'b501351a-4665-4ce4-b1e4-954433eb8143','1720039858218-120_1.jpg'),(14419,'b501351a-4665-4ce4-b1e4-954433eb8143','1720039858221-120_2.jpg'),(14420,'b501351a-4665-4ce4-b1e4-954433eb8143','1720039858232-120_3.jpg'),(14421,'b501351a-4665-4ce4-b1e4-954433eb8143','1720039858234-120_4.jpg'),(14422,'b501351a-4665-4ce4-b1e4-954433eb8143','1720039858237-120_5.jpg'),(14423,'b501351a-4665-4ce4-b1e4-954433eb8143','1720039858240-120_6.jpg'),(14424,'b501351a-4665-4ce4-b1e4-954433eb8143','1720039858241-120_7.jpg'),(14425,'b501351a-4665-4ce4-b1e4-954433eb8143','1720039858247-120_8.jpg'),(14426,'b501351a-4665-4ce4-b1e4-954433eb8143','1720039858249-120_9.jpg'),(14427,'b501351a-4665-4ce4-b1e4-954433eb8143','1720039858250-120_10.jpg'),(14428,'9e7a8d11-d5f9-4b4a-828e-47a0bf854d7e','1720072001359-voguefront.jpg'),(14429,'9e7a8d11-d5f9-4b4a-828e-47a0bf854d7e','1720072001370-vogue1.jpg'),(14430,'9e7a8d11-d5f9-4b4a-828e-47a0bf854d7e','1720072001376-vogue2.jpg'),(14431,'9e7a8d11-d5f9-4b4a-828e-47a0bf854d7e','1720072001379-vogue3.jpg'),(14432,'9e7a8d11-d5f9-4b4a-828e-47a0bf854d7e','1720072001381-vogue4.jpg'),(14433,'9e7a8d11-d5f9-4b4a-828e-47a0bf854d7e','1720072001383-vogue5.jpg'),(14434,'9e7a8d11-d5f9-4b4a-828e-47a0bf854d7e','1720072001385-vogue6.jpg'),(14435,'9e7a8d11-d5f9-4b4a-828e-47a0bf854d7e','1720072001386-vogue7.jpg'),(14436,'971a520f-e592-4291-aee1-0e2510b332bf','1720072109638-swift1.jpg'),(14437,'971a520f-e592-4291-aee1-0e2510b332bf','1720072109646-swift2.jpg'),(14438,'971a520f-e592-4291-aee1-0e2510b332bf','1720072109654-swift3.jpg'),(14439,'971a520f-e592-4291-aee1-0e2510b332bf','1720072109658-swift4.jpg'),(14440,'971a520f-e592-4291-aee1-0e2510b332bf','1720072109662-swift5.jpg'),(14441,'971a520f-e592-4291-aee1-0e2510b332bf','1720072109665-swift6.jpg'),(14442,'971a520f-e592-4291-aee1-0e2510b332bf','1720072109666-swift7.jpg'),(14443,'dab68aee-1246-4cac-8074-007cca69ccac','1720072234060-q5_1.jpg'),(14444,'dab68aee-1246-4cac-8074-007cca69ccac','1720072234068-q5_2.jpg'),(14445,'dab68aee-1246-4cac-8074-007cca69ccac','1720072234074-q5_3.jpg'),(14446,'dab68aee-1246-4cac-8074-007cca69ccac','1720072234084-q5_4.jpg'),(14447,'dab68aee-1246-4cac-8074-007cca69ccac','1720072234088-q5_5.jpg'),(14448,'dab68aee-1246-4cac-8074-007cca69ccac','1720072234089-q5_6.jpg'),(14449,'dab68aee-1246-4cac-8074-007cca69ccac','1720072234090-q5_7.jpg'),(14450,'dab68aee-1246-4cac-8074-007cca69ccac','1720072234101-q5_8.jpg'),(14451,'dab68aee-1246-4cac-8074-007cca69ccac','1720072234102-q5_9.jpg'),(14452,'dab68aee-1246-4cac-8074-007cca69ccac','1720072234103-q5_10.jpg'),(14453,'59dcec92-8005-4e69-974b-21c3eba2e4b0','1720072642962-e220_1.jpg'),(14454,'59dcec92-8005-4e69-974b-21c3eba2e4b0','1720072642966-e220_2.jpg'),(14455,'59dcec92-8005-4e69-974b-21c3eba2e4b0','1720072642969-e220_3.jpg'),(14456,'59dcec92-8005-4e69-974b-21c3eba2e4b0','1720072642974-e220_4.jpg'),(14457,'59dcec92-8005-4e69-974b-21c3eba2e4b0','1720072642976-e220_5.jpg'),(14458,'59dcec92-8005-4e69-974b-21c3eba2e4b0','1720072642977-e220_6.jpg'),(14459,'59dcec92-8005-4e69-974b-21c3eba2e4b0','1720072642979-e220_7.jpg'),(14460,'59dcec92-8005-4e69-974b-21c3eba2e4b0','1720072642981-e220_8.jpg'),(14461,'59dcec92-8005-4e69-974b-21c3eba2e4b0','1720072642981-e220_9.jpg'),(14462,'59dcec92-8005-4e69-974b-21c3eba2e4b0','1720072642983-e220_10.jpg'),(14463,'0841f119-ab23-48df-a4d5-7bfcb8aa4a85','1720102667282-fuga1.jpg'),(14464,'0841f119-ab23-48df-a4d5-7bfcb8aa4a85','1720102667296-fuga2.jpg'),(14465,'0841f119-ab23-48df-a4d5-7bfcb8aa4a85','1720102667304-fuga3.jpg'),(14466,'0841f119-ab23-48df-a4d5-7bfcb8aa4a85','1720102667312-fuga4.jpg'),(14467,'0841f119-ab23-48df-a4d5-7bfcb8aa4a85','1720102667321-fuga5.jpg'),(14468,'0841f119-ab23-48df-a4d5-7bfcb8aa4a85','1720102667323-fuga6.jpg'),(14469,'0841f119-ab23-48df-a4d5-7bfcb8aa4a85','1720102667328-fuga7.jpg'),(14470,'0841f119-ab23-48df-a4d5-7bfcb8aa4a85','1720102667331-fuga8.jpg'),(14471,'4df06bfa-70c0-4f6e-b27f-b4c57224039d','1720287339114-c200_1.jpg'),(14472,'4df06bfa-70c0-4f6e-b27f-b4c57224039d','1720287339118-c200_2.jpg'),(14473,'4df06bfa-70c0-4f6e-b27f-b4c57224039d','1720287339122-c200_3.jpg'),(14474,'4df06bfa-70c0-4f6e-b27f-b4c57224039d','1720287339124-c200_4.jpg'),(14475,'4df06bfa-70c0-4f6e-b27f-b4c57224039d','1720287339125-c200_5.jpg'),(14476,'4df06bfa-70c0-4f6e-b27f-b4c57224039d','1720287339127-c200_6.jpg'),(14477,'4df06bfa-70c0-4f6e-b27f-b4c57224039d','1720287339129-c200_7.jpg'),(14478,'4df06bfa-70c0-4f6e-b27f-b4c57224039d','1720287339132-c200_8.jpg'),(14479,'87019c6d-f285-4f3a-9a03-b588cc756a21','1720287712365-c200_1.jpg'),(14480,'87019c6d-f285-4f3a-9a03-b588cc756a21','1720287712366-c200_2.jpg'),(14481,'87019c6d-f285-4f3a-9a03-b588cc756a21','1720287712369-c200_3.jpg'),(14482,'87019c6d-f285-4f3a-9a03-b588cc756a21','1720287712371-c200_4.jpg'),(14483,'87019c6d-f285-4f3a-9a03-b588cc756a21','1720287712372-c200_5.jpg'),(14484,'87019c6d-f285-4f3a-9a03-b588cc756a21','1720287712374-c200_6.jpg'),(14485,'87019c6d-f285-4f3a-9a03-b588cc756a21','1720287712377-c200_7.jpg'),(14486,'87019c6d-f285-4f3a-9a03-b588cc756a21','1720287712378-c200_8.jpg'),(14487,'aee9069c-7bd7-45f9-bd30-f7c224dea054','1720359353700-118_1.jpg'),(14488,'aee9069c-7bd7-45f9-bd30-f7c224dea054','1720359353717-118_2.jpg'),(14489,'aee9069c-7bd7-45f9-bd30-f7c224dea054','1720359353726-118_3.jpg'),(14490,'aee9069c-7bd7-45f9-bd30-f7c224dea054','1720359353734-118_4.jpg'),(14491,'aee9069c-7bd7-45f9-bd30-f7c224dea054','1720359353739-118_5.jpg'),(14492,'aee9069c-7bd7-45f9-bd30-f7c224dea054','1720359353742-118_6.jpg'),(14493,'aee9069c-7bd7-45f9-bd30-f7c224dea054','1720359353746-118_7.jpg'),(14494,'b356169f-204d-46c0-ab49-dcafafedb8c3','1720359688594-X1_1.jpg'),(14495,'b356169f-204d-46c0-ab49-dcafafedb8c3','1720359688601-X1_2.jpg'),(14496,'b356169f-204d-46c0-ab49-dcafafedb8c3','1720359688619-X1_3.jpg'),(14497,'b356169f-204d-46c0-ab49-dcafafedb8c3','1720359688636-X1_4.jpg'),(14498,'b356169f-204d-46c0-ab49-dcafafedb8c3','1720359688642-X1_5.jpg'),(14499,'b356169f-204d-46c0-ab49-dcafafedb8c3','1720359688647-X1_6.jpg'),(14500,'b356169f-204d-46c0-ab49-dcafafedb8c3','1720359688653-x1_7.jpg'),(14501,'b356169f-204d-46c0-ab49-dcafafedb8c3','1720359688656-x1_8.jpg'),(14502,'642d6919-4b95-4c91-898f-a630edccb872','1720364395054-outback_1.jpg'),(14503,'642d6919-4b95-4c91-898f-a630edccb872','1720364395090-outback_2.jpg'),(14504,'642d6919-4b95-4c91-898f-a630edccb872','1720364395095-outback_3.jpg'),(14505,'642d6919-4b95-4c91-898f-a630edccb872','1720364395100-outback_4.jpg'),(14506,'642d6919-4b95-4c91-898f-a630edccb872','1720364395104-outback_5.jpg'),(14507,'642d6919-4b95-4c91-898f-a630edccb872','1720364395112-outback_6.jpg'),(14508,'642d6919-4b95-4c91-898f-a630edccb872','1720364395115-outback_7.jpg'),(14509,'642d6919-4b95-4c91-898f-a630edccb872','1720364395116-outback_8.jpg'),(14510,'642d6919-4b95-4c91-898f-a630edccb872','1720364395118-outback_9.jpg'),(14511,'4fd80bdf-b81e-4c04-8a06-fd17db6306dd','1720364693437-forester_1.jpg'),(14512,'4fd80bdf-b81e-4c04-8a06-fd17db6306dd','1720364693443-forester_2.jpg'),(14513,'4fd80bdf-b81e-4c04-8a06-fd17db6306dd','1720364693453-forester_3.jpg'),(14514,'4fd80bdf-b81e-4c04-8a06-fd17db6306dd','1720364693458-forester_4.jpg'),(14515,'4fd80bdf-b81e-4c04-8a06-fd17db6306dd','1720364693461-forester_5.jpg'),(14516,'4fd80bdf-b81e-4c04-8a06-fd17db6306dd','1720364693464-forester_6.jpg'),(14517,'4fd80bdf-b81e-4c04-8a06-fd17db6306dd','1720364693467-forester_7.jpg'),(14518,'4fd80bdf-b81e-4c04-8a06-fd17db6306dd','1720364693468-forester_8.jpg'),(14519,'4fd80bdf-b81e-4c04-8a06-fd17db6306dd','1720364693469-forester_9.jpg'),(14520,'1caf000e-9437-4d21-953b-ca7f51ea0f30','1720383543061-vezel_1.jpg'),(14521,'1caf000e-9437-4d21-953b-ca7f51ea0f30','1720383543075-vezel_2.jpg'),(14522,'1caf000e-9437-4d21-953b-ca7f51ea0f30','1720383543080-vezel_3.jpg'),(14523,'1caf000e-9437-4d21-953b-ca7f51ea0f30','1720383543083-vezel_4.jpg'),(14524,'1caf000e-9437-4d21-953b-ca7f51ea0f30','1720383543087-vezel_5.jpg'),(14525,'1caf000e-9437-4d21-953b-ca7f51ea0f30','1720383543088-vezel_6.jpg'),(14526,'1caf000e-9437-4d21-953b-ca7f51ea0f30','1720383543090-vezel_7.jpg'),(14527,'1caf000e-9437-4d21-953b-ca7f51ea0f30','1720383543092-vezel_8.jpg'),(14528,'1caf000e-9437-4d21-953b-ca7f51ea0f30','1720383543094-vezel_9.jpg'),(14529,'1caf000e-9437-4d21-953b-ca7f51ea0f30','1720383543095-vezel_10.jpg'),(14530,'29da4d0c-5c96-4b4b-ab4d-899f0943c8c8','1720386348978-cayenne_1.jpg'),(14531,'29da4d0c-5c96-4b4b-ab4d-899f0943c8c8','1720386349004-cayenne_2.jpg'),(14532,'29da4d0c-5c96-4b4b-ab4d-899f0943c8c8','1720386349046-cayenne_3.jpg'),(14533,'29da4d0c-5c96-4b4b-ab4d-899f0943c8c8','1720386349067-cayenne_4.jpg'),(14534,'29da4d0c-5c96-4b4b-ab4d-899f0943c8c8','1720386349076-cayenne_5.jpg'),(14535,'29da4d0c-5c96-4b4b-ab4d-899f0943c8c8','1720386349080-cayenne_6.jpg'),(14536,'29da4d0c-5c96-4b4b-ab4d-899f0943c8c8','1720386349083-cayenne_7.jpg'),(14537,'29da4d0c-5c96-4b4b-ab4d-899f0943c8c8','1720386349086-cayenne_8.jpg'),(14538,'29da4d0c-5c96-4b4b-ab4d-899f0943c8c8','1720386349088-cayenne_9.jpg'),(14539,'29da4d0c-5c96-4b4b-ab4d-899f0943c8c8','1720386349090-cayenne_10.jpg'),(14540,'29da4d0c-5c96-4b4b-ab4d-899f0943c8c8','1720386349091-cayenne_11.jpg'),(14541,'29da4d0c-5c96-4b4b-ab4d-899f0943c8c8','1720386349093-cayenne_12.jpg'),(14542,'b4e6522b-3f62-4060-9e54-9cad7f2ae0a7','1720386521836-glc_1.jpg'),(14543,'b4e6522b-3f62-4060-9e54-9cad7f2ae0a7','1720386521853-glc_2.jpg'),(14544,'b4e6522b-3f62-4060-9e54-9cad7f2ae0a7','1720386521858-glc_3.jpg'),(14545,'b4e6522b-3f62-4060-9e54-9cad7f2ae0a7','1720386521861-glc_4.jpg'),(14546,'b4e6522b-3f62-4060-9e54-9cad7f2ae0a7','1720386521864-glc_5.jpg'),(14547,'b4e6522b-3f62-4060-9e54-9cad7f2ae0a7','1720386521866-glc_6.jpg'),(14548,'b4e6522b-3f62-4060-9e54-9cad7f2ae0a7','1720386521869-glc_7.jpg'),(14549,'b4e6522b-3f62-4060-9e54-9cad7f2ae0a7','1720386521870-glc_8.jpg'),(14550,'b4e6522b-3f62-4060-9e54-9cad7f2ae0a7','1720386521872-glc_9.jpg'),(14551,'b4e6522b-3f62-4060-9e54-9cad7f2ae0a7','1720386521873-glc_10.jpg'),(14552,'b4e6522b-3f62-4060-9e54-9cad7f2ae0a7','1720386521875-vezel_10.jpg'),(14553,'b4e6522b-3f62-4060-9e54-9cad7f2ae0a7','1720386521875-glc_11.jpg'),(14554,'b4e6522b-3f62-4060-9e54-9cad7f2ae0a7','1720386521876-glc_12.jpg'),(14555,'4bcd8d44-9727-4fee-9c20-a0a9851c06b9','1720387995189-glc2502.jpg'),(14556,'4bcd8d44-9727-4fee-9c20-a0a9851c06b9','1720387995197-glc_2501.jpg'),(14557,'4bcd8d44-9727-4fee-9c20-a0a9851c06b9','1720387995214-glc2503.jpg'),(14558,'4bcd8d44-9727-4fee-9c20-a0a9851c06b9','1720387995215-glc2504.jpg'),(14559,'4bcd8d44-9727-4fee-9c20-a0a9851c06b9','1720387995216-glc2505.jpg'),(14560,'4bcd8d44-9727-4fee-9c20-a0a9851c06b9','1720387995216-glc2506.jpg'),(14561,'4bcd8d44-9727-4fee-9c20-a0a9851c06b9','1720387995217-glc2507.jpg'),(14562,'4bcd8d44-9727-4fee-9c20-a0a9851c06b9','1720387995218-glc2508.jpg'),(14563,'4bcd8d44-9727-4fee-9c20-a0a9851c06b9','1720387995219-glc2509.jpg'),(14564,'4bcd8d44-9727-4fee-9c20-a0a9851c06b9','1720387995219-glc25010.jpg'),(14565,'4bcd8d44-9727-4fee-9c20-a0a9851c06b9','1720387995220-glc2502.jpg'),(14566,'4bcd8d44-9727-4fee-9c20-a0a9851c06b9','1720387995221-glc_2501.jpg'),(14567,'4bcd8d44-9727-4fee-9c20-a0a9851c06b9','1720387995223-glc2503.jpg'),(14568,'4bcd8d44-9727-4fee-9c20-a0a9851c06b9','1720387995226-glc2504.jpg'),(14569,'4bcd8d44-9727-4fee-9c20-a0a9851c06b9','1720387995227-glc2505.jpg'),(14570,'4bcd8d44-9727-4fee-9c20-a0a9851c06b9','1720387995228-glc2506.jpg'),(14571,'4bcd8d44-9727-4fee-9c20-a0a9851c06b9','1720387995229-glc2507.jpg'),(14572,'4bcd8d44-9727-4fee-9c20-a0a9851c06b9','1720387995230-glc2508.jpg'),(14573,'4bcd8d44-9727-4fee-9c20-a0a9851c06b9','1720387995231-glc2509.jpg'),(14574,'4bcd8d44-9727-4fee-9c20-a0a9851c06b9','1720387995232-glc25010.jpg'),(14575,'e4747da9-661f-4a21-8824-18a0406ebe5e','1720389779422-a4_1.jpg'),(14576,'e4747da9-661f-4a21-8824-18a0406ebe5e','1720389779428-a4_2.jpg'),(14577,'e4747da9-661f-4a21-8824-18a0406ebe5e','1720389779447-a4_3.jpg'),(14578,'e4747da9-661f-4a21-8824-18a0406ebe5e','1720389779460-a4_4.jpg'),(14579,'e4747da9-661f-4a21-8824-18a0406ebe5e','1720389779463-a4_5.jpg'),(14580,'e4747da9-661f-4a21-8824-18a0406ebe5e','1720389779464-a4_6.jpg'),(14581,'e4747da9-661f-4a21-8824-18a0406ebe5e','1720389779466-a4_7.jpg'),(14582,'e4747da9-661f-4a21-8824-18a0406ebe5e','1720389779466-a4_8.jpg'),(14583,'e4747da9-661f-4a21-8824-18a0406ebe5e','1720389779467-a4_9.jpg'),(14584,'e4747da9-661f-4a21-8824-18a0406ebe5e','1720389779468-a4_10.jpg'),(14585,'e4747da9-661f-4a21-8824-18a0406ebe5e','1720389779469-a4_11.jpg'),(14586,'e4747da9-661f-4a21-8824-18a0406ebe5e','1720389779470-a4_12.jpg'),(14587,'e4747da9-661f-4a21-8824-18a0406ebe5e','1720389779471-a4_13.jpg'),(14588,'a234e826-999f-4073-801d-ac763b595ce8','1720513336803-RX200_1.jpg'),(14589,'a234e826-999f-4073-801d-ac763b595ce8','1720513336818-RX200_2.jpg'),(14590,'a234e826-999f-4073-801d-ac763b595ce8','1720513336824-RX200_3.jpg'),(14591,'a234e826-999f-4073-801d-ac763b595ce8','1720513336828-RX200_4.jpg'),(14592,'a234e826-999f-4073-801d-ac763b595ce8','1720513336833-Rx200_5.jpg'),(14593,'a234e826-999f-4073-801d-ac763b595ce8','1720513336835-RX_6.jpg'),(14594,'a234e826-999f-4073-801d-ac763b595ce8','1720513336839-RX200_7.jpg'),(14595,'a234e826-999f-4073-801d-ac763b595ce8','1720513336841-RX200_8.jpg'),(14596,'a234e826-999f-4073-801d-ac763b595ce8','1720513336843-RX200_9.jpg'),(14597,'a234e826-999f-4073-801d-ac763b595ce8','1720513336845-RX200_10.jpg'),(14598,'a234e826-999f-4073-801d-ac763b595ce8','1720513336848-RX200_11.jpg'),(14599,'9e87e9a6-9378-49ac-9f33-f3fa649fbb2f','1720820919600-ls4601.jpg'),(14600,'9e87e9a6-9378-49ac-9f33-f3fa649fbb2f','1720820919607-ls4602.jpg'),(14601,'9e87e9a6-9378-49ac-9f33-f3fa649fbb2f','1720820919617-ls4603.jpg'),(14602,'9e87e9a6-9378-49ac-9f33-f3fa649fbb2f','1720820919628-ls4604.jpg'),(14603,'9e87e9a6-9378-49ac-9f33-f3fa649fbb2f','1720820919631-ls4605.jpg'),(14604,'9e87e9a6-9378-49ac-9f33-f3fa649fbb2f','1720820919636-ls4606.jpg'),(14605,'9e87e9a6-9378-49ac-9f33-f3fa649fbb2f','1720820919638-ls4607.jpg'),(14606,'9e87e9a6-9378-49ac-9f33-f3fa649fbb2f','1720820919642-ls4608.jpg'),(14607,'9e87e9a6-9378-49ac-9f33-f3fa649fbb2f','1720820919644-ls4609.jpg'),(14608,'9e87e9a6-9378-49ac-9f33-f3fa649fbb2f','1720820919646-ls46010.jpg'),(14609,'9e87e9a6-9378-49ac-9f33-f3fa649fbb2f','1720820919652-ls46011.jpg'),(14610,'9e87e9a6-9378-49ac-9f33-f3fa649fbb2f','1720820919654-ls46012.jpg'),(14611,'533609c0-46c7-4026-9a34-e751516889f4','1720821602943-fpace1.jpg'),(14612,'533609c0-46c7-4026-9a34-e751516889f4','1720821602952-fpace2.jpg'),(14613,'533609c0-46c7-4026-9a34-e751516889f4','1720821602967-fpace3.jpg'),(14614,'533609c0-46c7-4026-9a34-e751516889f4','1720821602981-fpace4.jpg'),(14615,'533609c0-46c7-4026-9a34-e751516889f4','1720821602987-fpace5.jpg'),(14616,'533609c0-46c7-4026-9a34-e751516889f4','1720821602991-fpace6.jpg'),(14617,'533609c0-46c7-4026-9a34-e751516889f4','1720821602995-fpace7.jpg'),(14618,'533609c0-46c7-4026-9a34-e751516889f4','1720821602996-fpace8.jpg'),(14619,'533609c0-46c7-4026-9a34-e751516889f4','1720821602998-fpace9.jpg'),(14620,'e8fdd60d-dc85-4e6f-94fb-808c2c76aef1','1720876331749-macan1.jpg'),(14621,'e8fdd60d-dc85-4e6f-94fb-808c2c76aef1','1720876331761-macan2.jpg'),(14622,'e8fdd60d-dc85-4e6f-94fb-808c2c76aef1','1720876331769-macan3.jpg'),(14623,'e8fdd60d-dc85-4e6f-94fb-808c2c76aef1','1720876331772-macan4.jpg'),(14624,'e8fdd60d-dc85-4e6f-94fb-808c2c76aef1','1720876331783-macan5.jpg'),(14625,'e8fdd60d-dc85-4e6f-94fb-808c2c76aef1','1720876331785-macan6.jpg'),(14626,'e8fdd60d-dc85-4e6f-94fb-808c2c76aef1','1720876331787-macan7.jpg'),(14627,'e8fdd60d-dc85-4e6f-94fb-808c2c76aef1','1720876331790-macan8.jpg'),(14628,'e8fdd60d-dc85-4e6f-94fb-808c2c76aef1','1720876331792-macan9.jpg'),(14629,'e8fdd60d-dc85-4e6f-94fb-808c2c76aef1','1720876331794-macan10.jpg'),(14630,'1ccb750e-0c3c-4bba-ab36-56d17a0ff0f3','1721158174120-harrier1.jpeg'),(14631,'1ccb750e-0c3c-4bba-ab36-56d17a0ff0f3','1721158174146-harrier2.jpeg'),(14632,'1ccb750e-0c3c-4bba-ab36-56d17a0ff0f3','1721158174161-harrier3.jpeg'),(14633,'1ccb750e-0c3c-4bba-ab36-56d17a0ff0f3','1721158174171-harrier4.jpeg'),(14634,'1ccb750e-0c3c-4bba-ab36-56d17a0ff0f3','1721158174178-harrier5.jpeg'),(14635,'1ccb750e-0c3c-4bba-ab36-56d17a0ff0f3','1721158174187-harrier6.jpeg'),(14636,'1ccb750e-0c3c-4bba-ab36-56d17a0ff0f3','1721158174192-harrier7.jpeg'),(14637,'1ccb750e-0c3c-4bba-ab36-56d17a0ff0f3','1721158174204-harrier8.jpeg'),(14638,'1ccb750e-0c3c-4bba-ab36-56d17a0ff0f3','1721158174216-harrier9.jpeg');
/*!40000 ALTER TABLE `car_images` ENABLE KEYS */;
UNLOCK TABLES;

--
-- Table structure for table `car_schema`
--

DROP TABLE IF EXISTS `car_schema`;
/*!40101 SET @saved_cs_client     = @@character_set_client */;
/*!50503 SET character_set_client = utf8mb4 */;
CREATE TABLE `car_schema` (
  `id` varchar(255) NOT NULL,
  `brand` varchar(50) DEFAULT NULL,
  `name` varchar(50) NOT NULL,
  `imageIndex` int DEFAULT NULL,
  `price` varchar(50) DEFAULT NULL,
  `availability` varchar(20) DEFAULT NULL,
  `location` varchar(50) DEFAULT NULL,
  PRIMARY KEY (`id`),
  FULLTEXT KEY `brand_fulltext_index` (`brand`)
) ENGINE=InnoDB DEFAULT CHARSET=utf8mb4 COLLATE=utf8mb4_general_ci;
/*!40101 SET character_set_client = @saved_cs_client */;

--
-- Dumping data for table `car_schema`
--

LOCK TABLES `car_schema` WRITE;
/*!40000 ALTER TABLE `car_schema` DISABLE KEYS */;
INSERT INTO `car_schema` VALUES ('0841f119-ab23-48df-a4d5-7bfcb8aa4a85','Nissan','Fuga',0,'1,249,000','available','Eldoret'),('0c0ffecc-7815-4a6f-b3ad-883e318d93be','Toyota','crown',0,'1,300,000','Mombasa','Nairobi'),('0d136ab1-c357-4f94-a94b-8a1e120ba563','Range Rover','Sport',0,'8,000,000','available','Eldoret'),('0e956727-8575-4c3f-ab53-bc606c206f8a','Subaru','Impreza',0,'1,330,000','available','Mombasa'),('140701aa-4bb5-41f6-98cf-c31585f8ceb6','Volkswagen','Tiguan',0,'3,850,000','available','Kisumu'),('1caf000e-9437-4d21-953b-ca7f51ea0f30','Honda','Vezel',0,'2,199,000','available','Kenya'),('1ccb750e-0c3c-4bba-ab36-56d17a0ff0f3','Toyota','Harrier',0,'7,449,000','available','Nairobi'),('29da4d0c-5c96-4b4b-ab4d-899f0943c8c8','Porsche','Cayenne',0,'6,999,000','available ','Mombasa'),('344b92bd-66e1-4c4a-8d18-bd987c9684fd','Toyota','Prado',0,'10,000,000','sold','Mombasa'),('39acd015-dcf6-415d-943a-1cce07ce6e17','Porsche','Cayenne',0,'3,700,000','available','Eldoret'),('3f263253-f61c-4876-94bd-94c5d6da0759','Land rover','Discovery',0,'4,300,000','available','Nairobi'),('4bcd8d44-9727-4fee-9c20-a0a9851c06b9','Mercedes','GLC',0,'5,799,000','available','Eldoret'),('4df06bfa-70c0-4f6e-b27f-b4c57224039d','Mercedes','C200',0,'3,600,00','available','Eldoret'),('4fd80bdf-b81e-4c04-8a06-fd17db6306dd','Subaru','Forester',0,'2,899,000','available','Nairobi'),('5196aa2e-9c09-429d-bdf5-829f091c89ac','Lexus','RX',0,'1,950,000','available','Kisumu'),('533609c0-46c7-4026-9a34-e751516889f4','Jaguar','F Pace',0,'6,999,000','available','Mombasa'),('59dcec92-8005-4e69-974b-21c3eba2e4b0','Mercedes','E220d',0,'5,660,000','available','Mombasa'),('628ebb86-9c59-4c8f-b6bc-7fe42832a39e','Mazda','Axela',0,'1,300,000','available','Mombasa'),('642d6919-4b95-4c91-898f-a630edccb872','Subaru','Outback',0,'7,700,000','available','Nairobi'),('6edb8317-cd56-44e2-96cf-b64d9da063b7','Volvo','XC60',0,'6499000','available','Nairobi'),('75157036-2f6d-4866-bf01-68d0c9f6ec71','Audi','Q5',0,'2,450,000','available','Mombasa'),('7ab3e36b-9538-4ed9-8a9f-ad6a32d36cbc','Subaru','Impreza',0,'650,000','available','Mombasa'),('87019c6d-f285-4f3a-9a03-b588cc756a21','Mercedes','C200',0,'3,700,000','available','Nairobi'),('971a520f-e592-4291-aee1-0e2510b332bf','Suzuki','Swift',0,'729,000','available','Nairobi'),('9896b86c-96e5-4518-8646-9777eae07c95','Mazda','CX5',0,'3,000,000','available','Nairobi'),('98e10502-af98-4795-a73a-1ffc3c7ce475','Subaru','Forester',0,'1,750,000','available','Kisumu'),('999396ec-a391-4111-8c9d-e5c58299cd91','Range Rover','Evoque',0,'3450000','available','Nairobi'),('9e7a8d11-d5f9-4b4a-828e-47a0bf854d7e','Range Rover','Vogue',0,'6,999,000','available','Eldoret'),('9e87e9a6-9378-49ac-9f33-f3fa649fbb2f','Lexus','LS460',0,'4,899,000','available','Mombasa'),('a234e826-999f-4073-801d-ac763b595ce8','Lexus','RX 200 t',0,'6,299,000','available','Nairobi'),('a8a96358-239f-46b3-a0e2-5e6ce5fe6338','Audi','Q5',0,' 5,600,000','available','Nairobi'),('a9cda7e2-5425-48b5-ae3d-99835f80ab45','Lexus','RX',0,'7,199,000','available','Mombasa'),('aa2f3f94-adc2-43be-92ec-1937ebbe486e','Nissan','Skyline',0,'1,250,000','available','Mombasa'),('aee9069c-7bd7-45f9-bd30-f7c224dea054','BMW','118i',0,'1,899,000','available','Nairobi'),('b356169f-204d-46c0-ab49-dcafafedb8c3','BMW','x1',0,'3,899,000','available','Mombasa'),('b4e6522b-3f62-4060-9e54-9cad7f2ae0a7','Mercedes','GLC',0,'5,799,00','available','Nairobi'),('b501351a-4665-4ce4-b1e4-954433eb8143','BMW',' 120i',0,'999,000','available','Nairobi'),('d1b96a4b-a043-4105-bcb4-568cbb7fffa0','Mercedes','E3000',0,'3,400,000','available',' Nairobi'),('dab68aee-1246-4cac-8074-007cca69ccac','Audi','Q5',0,'5,500,000','available','Kisumu'),('e4747da9-661f-4a21-8824-18a0406ebe5e','Audi','A4',0,'4,449,000','available','Nairobi'),('e8fdd60d-dc85-4e6f-94fb-808c2c76aef1','Porscne','Macan',0,'4,888,000','sold','Eldoret');
/*!40000 ALTER TABLE `car_schema` ENABLE KEYS */;
UNLOCK TABLES;

--
-- Table structure for table `car_searches`
--

DROP TABLE IF EXISTS `car_searches`;
/*!40101 SET @saved_cs_client     = @@character_set_client */;
/*!50503 SET character_set_client = utf8mb4 */;
CREATE TABLE `car_searches` (
  `car_id` varchar(255) NOT NULL,
  `searches` int DEFAULT '0',
  PRIMARY KEY (`car_id`),
  CONSTRAINT `car_searches_ibfk_1` FOREIGN KEY (`car_id`) REFERENCES `car_schema` (`id`)
) ENGINE=InnoDB DEFAULT CHARSET=utf8mb4 COLLATE=utf8mb4_general_ci;
/*!40101 SET character_set_client = @saved_cs_client */;

--
-- Dumping data for table `car_searches`
--

LOCK TABLES `car_searches` WRITE;
/*!40000 ALTER TABLE `car_searches` DISABLE KEYS */;
INSERT INTO `car_searches` VALUES ('0841f119-ab23-48df-a4d5-7bfcb8aa4a85',1),('0c0ffecc-7815-4a6f-b3ad-883e318d93be',2),('0d136ab1-c357-4f94-a94b-8a1e120ba563',2),('0e956727-8575-4c3f-ab53-bc606c206f8a',5),('1caf000e-9437-4d21-953b-ca7f51ea0f30',1),('1ccb750e-0c3c-4bba-ab36-56d17a0ff0f3',4),('29da4d0c-5c96-4b4b-ab4d-899f0943c8c8',7),('344b92bd-66e1-4c4a-8d18-bd987c9684fd',2),('39acd015-dcf6-415d-943a-1cce07ce6e17',7),('4bcd8d44-9727-4fee-9c20-a0a9851c06b9',12),('4df06bfa-70c0-4f6e-b27f-b4c57224039d',12),('4fd80bdf-b81e-4c04-8a06-fd17db6306dd',5),('5196aa2e-9c09-429d-bdf5-829f091c89ac',8),('533609c0-46c7-4026-9a34-e751516889f4',4),('59dcec92-8005-4e69-974b-21c3eba2e4b0',12),('628ebb86-9c59-4c8f-b6bc-7fe42832a39e',9),('642d6919-4b95-4c91-898f-a630edccb872',5),('6edb8317-cd56-44e2-96cf-b64d9da063b7',3),('75157036-2f6d-4866-bf01-68d0c9f6ec71',8),('7ab3e36b-9538-4ed9-8a9f-ad6a32d36cbc',5),('87019c6d-f285-4f3a-9a03-b588cc756a21',12),('971a520f-e592-4291-aee1-0e2510b332bf',4),('9896b86c-96e5-4518-8646-9777eae07c95',7),('98e10502-af98-4795-a73a-1ffc3c7ce475',5),('999396ec-a391-4111-8c9d-e5c58299cd91',2),('9e7a8d11-d5f9-4b4a-828e-47a0bf854d7e',2),('9e87e9a6-9378-49ac-9f33-f3fa649fbb2f',8),('a234e826-999f-4073-801d-ac763b595ce8',8),('a8a96358-239f-46b3-a0e2-5e6ce5fe6338',8),('a9cda7e2-5425-48b5-ae3d-99835f80ab45',8),('aa2f3f94-adc2-43be-92ec-1937ebbe486e',1),('aee9069c-7bd7-45f9-bd30-f7c224dea054',4),('b356169f-204d-46c0-ab49-dcafafedb8c3',4),('b4e6522b-3f62-4060-9e54-9cad7f2ae0a7',12),('b501351a-4665-4ce4-b1e4-954433eb8143',4),('d1b96a4b-a043-4105-bcb4-568cbb7fffa0',12),('dab68aee-1246-4cac-8074-007cca69ccac',8),('e4747da9-661f-4a21-8824-18a0406ebe5e',8);
/*!40000 ALTER TABLE `car_searches` ENABLE KEYS */;
UNLOCK TABLES;
/*!40103 SET TIME_ZONE=@OLD_TIME_ZONE */;

/*!40101 SET SQL_MODE=@OLD_SQL_MODE */;
/*!40014 SET FOREIGN_KEY_CHECKS=@OLD_FOREIGN_KEY_CHECKS */;
/*!40014 SET UNIQUE_CHECKS=@OLD_UNIQUE_CHECKS */;
/*!40101 SET CHARACTER_SET_CLIENT=@OLD_CHARACTER_SET_CLIENT */;
/*!40101 SET CHARACTER_SET_RESULTS=@OLD_CHARACTER_SET_RESULTS */;
/*!40101 SET COLLATION_CONNECTION=@OLD_COLLATION_CONNECTION */;
/*!40111 SET SQL_NOTES=@OLD_SQL_NOTES */;

-- Dump completed on 2024-07-27 11:56:32
